{"cameraMode":{"drawMode":0,"name":"Shaded","section":"Shading Mode"},"sceneLighting":true,"audioPlay":false,"sceneViewState":{"m_AlwaysRefresh":false,"showFog":true,"showSkybox":true,"showFlares":true,"showImageEffects":true,"showParticleSystems":true,"showVisualEffectGraphs":true,"m_FxEnabled":true},"in2DMode":false,"pivot":{"x":-1.5222415924072266,"y":2.2572669982910158,"z":-6.333436965942383},"rotation":{"x":0.0020791010465472938,"y":0.8478242754936218,"z":-0.5302448868751526,"w":0.003330780891701579},"size":17.18724250793457,"orthographic":true}